<ImportExportXml xmlns:xsi="http://www.w3.org/2001/XMLSchema-instance">
  <Entities></Entities>
  <Roles></Roles>
  <Workflows></Workflows>
  <FieldSecurityProfiles></FieldSecurityProfiles>
  <Templates />
  <EntityMaps />
  <EntityRelationships />
  <OrganizationSettings />
  <optionsets />
  <WebResources>
    <WebResource>
      <WebResourceId>{8adbf339-314f-e911-a958-000d3a1bc201}</WebResourceId>
      <Name>pt_/circularsaw.svg</Name>
      <DisplayName>circular-saw</DisplayName>
      <Description>&lt;div&gt;Icons made by &lt;a href="https://www.flaticon.com/authors/itim2101" title="itim2101"&gt;itim2101&lt;/a&gt; from &lt;a href="https://www.flaticon.com/" 			    title="Flaticon"&gt;www.flaticon.com&lt;/a&gt; is licensed by &lt;a href="http://creativecommons.org/licenses/by/3.0/" 			    title="Creative Commons BY 3.0" target="_blank"&gt;CC 3.0 BY&lt;/a&gt;&lt;/div&gt;</Description>
      <WebResourceType>11</WebResourceType>
      <IntroducedVersion>0.0.1.0</IntroducedVersion>
      <IsEnabledForMobileClient>0</IsEnabledForMobileClient>
      <IsAvailableForMobileOffline>0</IsAvailableForMobileOffline>
      <DependencyXml>&lt;Dependencies&gt;&lt;Dependency componentType="WebResource"/&gt;&lt;/Dependencies&gt;</DependencyXml>
      <IsCustomizable>1</IsCustomizable>
      <CanBeDeleted>1</CanBeDeleted>
      <IsHidden>0</IsHidden>
      <FileName>/WebResources/pt_circularsawsvg8ADBF339-314F-E911-A958-000D3A1BC201</FileName>
    </WebResource>
    <WebResource>
      <WebResourceId>{d668cd5e-324f-e911-a958-000d3a1bc201}</WebResourceId>
      <Name>pt_/typescript-generator/index.html</Name>
      <DisplayName>typescript-generator-index.html</DisplayName>
      <WebResourceType>1</WebResourceType>
      <IntroducedVersion>0.0.1.0</IntroducedVersion>
      <IsEnabledForMobileClient>0</IsEnabledForMobileClient>
      <IsAvailableForMobileOffline>0</IsAvailableForMobileOffline>
      <DependencyXml>&lt;Dependencies&gt;&lt;Dependency componentType="WebResource"/&gt;&lt;/Dependencies&gt;</DependencyXml>
      <IsCustomizable>1</IsCustomizable>
      <CanBeDeleted>1</CanBeDeleted>
      <IsHidden>0</IsHidden>
      <FileName>/WebResources/pt_typescript-generatorindexhtmlD668CD5E-324F-E911-A958-000D3A1BC201</FileName>
    </WebResource>
    <WebResource>
      <WebResourceId>{7fbcbc88-324f-e911-a958-000d3a1bc201}</WebResourceId>
      <Name>pt_/typescript-generator/static/js/main.js</Name>
      <DisplayName>typescript-generator-main.js</DisplayName>
      <WebResourceType>3</WebResourceType>
      <IntroducedVersion>0.0.1.0</IntroducedVersion>
      <IsEnabledForMobileClient>0</IsEnabledForMobileClient>
      <IsAvailableForMobileOffline>0</IsAvailableForMobileOffline>
      <DependencyXml>&lt;Dependencies&gt;&lt;Dependency componentType="WebResource"/&gt;&lt;/Dependencies&gt;</DependencyXml>
      <IsCustomizable>1</IsCustomizable>
      <CanBeDeleted>1</CanBeDeleted>
      <IsHidden>0</IsHidden>
      <FileName>/WebResources/pt_typescript-generatorstaticjsmainjs7FBCBC88-324F-E911-A958-000D3A1BC201</FileName>
    </WebResource>
    <WebResource>
      <WebResourceId>{57c6f9a1-324f-e911-a958-000d3a1bc201}</WebResourceId>
      <Name>pt_/typescript-generator/static/css/main.65027555.css</Name>
      <DisplayName>typescript-generator-main.css</DisplayName>
      <WebResourceType>2</WebResourceType>
      <IntroducedVersion>0.0.1.0</IntroducedVersion>
      <IsEnabledForMobileClient>0</IsEnabledForMobileClient>
      <IsAvailableForMobileOffline>0</IsAvailableForMobileOffline>
      <DependencyXml>&lt;Dependencies&gt;&lt;Dependency componentType="WebResource"/&gt;&lt;/Dependencies&gt;</DependencyXml>
      <IsCustomizable>1</IsCustomizable>
      <CanBeDeleted>1</CanBeDeleted>
      <IsHidden>0</IsHidden>
      <FileName>/WebResources/pt_typescript-generatorstaticcssmain65027555css57C6F9A1-324F-E911-A958-000D3A1BC201</FileName>
    </WebResource>
    <WebResource>
      <WebResourceId>{f92015ad-334f-e911-a958-000d3a1bc201}</WebResourceId>
      <Name>pt_/ts.svg</Name>
      <DisplayName>ts.svg</DisplayName>
      <WebResourceType>11</WebResourceType>
      <IntroducedVersion>0.0.1.0</IntroducedVersion>
      <IsEnabledForMobileClient>0</IsEnabledForMobileClient>
      <IsAvailableForMobileOffline>0</IsAvailableForMobileOffline>
      <DependencyXml>&lt;Dependencies&gt;&lt;Dependency componentType="WebResource"/&gt;&lt;/Dependencies&gt;</DependencyXml>
      <IsCustomizable>1</IsCustomizable>
      <CanBeDeleted>1</CanBeDeleted>
      <IsHidden>0</IsHidden>
      <FileName>/WebResources/pt_tssvgF92015AD-334F-E911-A958-000D3A1BC201</FileName>
    </WebResource>
    <WebResource>
      <WebResourceId>{4e1d9149-3b5d-e911-a95c-000d3a1bc2d1}</WebResourceId>
      <Name>pt_/richtext-editor/index.html</Name>
      <DisplayName>richtext-editor-index.html</DisplayName>
      <WebResourceType>1</WebResourceType>
      <IntroducedVersion>0.0.2.0</IntroducedVersion>
      <IsEnabledForMobileClient>0</IsEnabledForMobileClient>
      <IsAvailableForMobileOffline>0</IsAvailableForMobileOffline>
      <DependencyXml>&lt;Dependencies&gt;&lt;Dependency componentType="WebResource"/&gt;&lt;/Dependencies&gt;</DependencyXml>
      <IsCustomizable>1</IsCustomizable>
      <CanBeDeleted>1</CanBeDeleted>
      <IsHidden>0</IsHidden>
      <FileName>/WebResources/pt_richtext-editorindexhtml4E1D9149-3B5D-E911-A95C-000D3A1BC2D1</FileName>
    </WebResource>
    <WebResource>
      <WebResourceId>{4b533c6d-3b5d-e911-a95c-000d3a1bc2d1}</WebResourceId>
      <Name>pt_/richtext-editor/main.js</Name>
      <DisplayName>richtext-editor-main.js</DisplayName>
      <WebResourceType>3</WebResourceType>
      <IntroducedVersion>0.0.2.0</IntroducedVersion>
      <IsEnabledForMobileClient>0</IsEnabledForMobileClient>
      <IsAvailableForMobileOffline>0</IsAvailableForMobileOffline>
      <DependencyXml>&lt;Dependencies&gt;&lt;Dependency componentType="WebResource"/&gt;&lt;/Dependencies&gt;</DependencyXml>
      <IsCustomizable>1</IsCustomizable>
      <CanBeDeleted>1</CanBeDeleted>
      <IsHidden>0</IsHidden>
      <FileName>/WebResources/pt_richtext-editormainjs4B533C6D-3B5D-E911-A95C-000D3A1BC2D1</FileName>
    </WebResource>
    <WebResource>
      <WebResourceId>{2b007ac2-3b5d-e911-a95c-000d3a1bc2d1}</WebResourceId>
      <Name>pt_/richtext-editor/1.chunk.js</Name>
      <DisplayName>richtext-editor-1-chunk.js</DisplayName>
      <WebResourceType>3</WebResourceType>
      <IntroducedVersion>0.0.2.0</IntroducedVersion>
      <IsEnabledForMobileClient>0</IsEnabledForMobileClient>
      <IsAvailableForMobileOffline>0</IsAvailableForMobileOffline>
      <DependencyXml>&lt;Dependencies&gt;&lt;Dependency componentType="WebResource"/&gt;&lt;/Dependencies&gt;</DependencyXml>
      <IsCustomizable>1</IsCustomizable>
      <CanBeDeleted>1</CanBeDeleted>
      <IsHidden>0</IsHidden>
      <FileName>/WebResources/pt_richtext-editor1chunkjs2B007AC2-3B5D-E911-A95C-000D3A1BC2D1</FileName>
    </WebResource>
    <WebResource>
      <WebResourceId>{8f631cdd-3b5d-e911-a95c-000d3a1bc2d1}</WebResourceId>
      <Name>pt_/richtext-editor/main.css</Name>
      <DisplayName>richtext-editor-main.css</DisplayName>
      <WebResourceType>2</WebResourceType>
      <IntroducedVersion>0.0.2.0</IntroducedVersion>
      <IsEnabledForMobileClient>0</IsEnabledForMobileClient>
      <IsAvailableForMobileOffline>0</IsAvailableForMobileOffline>
      <DependencyXml>&lt;Dependencies&gt;&lt;Dependency componentType="WebResource"/&gt;&lt;/Dependencies&gt;</DependencyXml>
      <IsCustomizable>1</IsCustomizable>
      <CanBeDeleted>1</CanBeDeleted>
      <IsHidden>0</IsHidden>
      <FileName>/WebResources/pt_richtext-editormaincss8F631CDD-3B5D-E911-A95C-000D3A1BC2D1</FileName>
    </WebResource>
    <WebResource>
      <WebResourceId>{51809d33-3c5d-e911-a95c-000d3a1bc2d1}</WebResourceId>
      <Name>pt_/richtext-editor/1.chunk.css</Name>
      <DisplayName>richtext-editor-1-chunk.css</DisplayName>
      <WebResourceType>2</WebResourceType>
      <IntroducedVersion>0.0.2.0</IntroducedVersion>
      <IsEnabledForMobileClient>0</IsEnabledForMobileClient>
      <IsAvailableForMobileOffline>0</IsAvailableForMobileOffline>
      <DependencyXml>&lt;Dependencies&gt;&lt;Dependency componentType="WebResource"/&gt;&lt;/Dependencies&gt;</DependencyXml>
      <IsCustomizable>1</IsCustomizable>
      <CanBeDeleted>1</CanBeDeleted>
      <IsHidden>0</IsHidden>
      <FileName>/WebResources/pt_richtext-editor1chunkcss51809D33-3C5D-E911-A95C-000D3A1BC2D1</FileName>
    </WebResource>
  </WebResources>
  <CustomControls />
  <AppModuleSiteMaps>
    <AppModuleSiteMap>
      <SiteMapUniqueName>pt_PowerTools</SiteMapUniqueName>
      <SiteMap IntroducedVersion="7.0.0.0">
        <Area IntroducedVersion="7.0.0.0" Id="New_Area" ResourceId="SitemapDesigner.NewArea" DescriptionResourceId="SitemapDesigner.NewArea" VectorIcon="/WebResources/pt_/circularsaw.svg" Icon="/WebResources/pt_/circularsaw.svg" ShowGroups="true">
          <Titles>
            <Title LCID="1033" Title="DevOps" />
          </Titles>
          <Group IntroducedVersion="7.0.0.0" Id="New_Group" ResourceId="SitemapDesigner.NewGroup" DescriptionResourceId="SitemapDesigner.NewGroup" IsProfile="false" ToolTipResourseId="SitemapDesigner.Unknown">
            <Titles>
              <Title LCID="1033" Title="DevOps" />
            </Titles>
            <SubArea IntroducedVersion="7.0.0.0" Id="New_SubArea" ResourceId="SitemapDesigner.NewSubArea" VectorIcon="/WebResources/pt_/ts.svg" Icon="/WebResources/pt_/ts.svg" Url="$webresource:pt_/typescript-generator/index.html" Client="All,Outlook,OutlookLaptopClient,OutlookWorkstationClient,Web" AvailableOffline="true" PassParams="false" Sku="All,OnPremise,Live,SPLA">
              <Titles>
                <Title LCID="1033" Title="TypeScript Generator" />
              </Titles>
            </SubArea>
          </Group>
          <Group Id="NewGroup_617925" ResourceId="SitemapDesigner.NewGroup" IsProfile="false" ToolTipResourseId="SitemapDesigner.Unknown">
            <Titles>
              <Title LCID="1033" Title="Components" />
            </Titles>
            <SubArea Id="NewSubArea_a4a7efeb" ResourceId="SitemapDesigner.NewSubArea" Url="$webresource:pt_/richtext-editor/index.html" Client="All,Outlook,OutlookLaptopClient,OutlookWorkstationClient,Web" AvailableOffline="true" PassParams="false" Sku="All,OnPremise,Live,SPLA">
              <Titles>
                <Title LCID="1033" Title="Rich Text Editor" />
              </Titles>
            </SubArea>
          </Group>
        </Area>
      </SiteMap>
      <LocalizedNames>
        <LocalizedName description="PowerTools" languagecode="1033" />
      </LocalizedNames>
    </AppModuleSiteMap>
  </AppModuleSiteMaps>
  <AppModules>
    <AppModule>
      <UniqueName>pt_PowerTools</UniqueName>
      <IntroducedVersion>0.0.1.0</IntroducedVersion>
      <WebResourceId>8adbf339-314f-e911-a958-000d3a1bc201</WebResourceId>
      <FormFactor>1</FormFactor>
      <ClientType>4</ClientType>
      <NavigationType>0</NavigationType>
      <AppModuleComponents>
        <AppModuleComponent type="62" schemaName="pt_PowerTools" />
      </AppModuleComponents>
      <AppModuleRoleMaps>
        <Role id="{627090ff-40a3-4053-8790-584edc5be201}" />
        <Role id="{119f245c-3cc8-4b62-b31c-d1a046ced15d}" />
      </AppModuleRoleMaps>
      <LocalizedNames>
        <LocalizedName description="PowerTools" languagecode="1033" />
      </LocalizedNames>
    </AppModule>
  </AppModules>
  <EntityDataProviders />
  <Languages>
    <Language>1033</Language>
  </Languages>
</ImportExportXml>